id,breed
0097c6242c6f3071762d9f85c3ef1b2f,bedlington_terrier
00a338a92e4e7bf543340dc849230e75,dingo
00b7d114bc5166a629a3cc03d9329120,irish_water_spaniel
00f34ac0a16ef43e6fd1de49a26081ce,walker_hound
010e87fdf252645a827e37470e65e842,groenendael
014c2b0cd8e3b517e649cecf8543b8fe,african_hunting_dog
0206c12e8984e3c8a166cc272de25d6f,chihuahua
021b5a49189665c0442c19b5b33e8cf1,entlebucher
023e4e28415506e0deddcbd8f8bdab29,pug
02508e76981e1ba059d785704b4c480c,pug
02cc0d7c8b7b513b4325bda30dce222d,brittany_spaniel
02f07e7e51662336a9d8c775a4eac5f4,miniature_schnauzer
0325e6ba5b6afd3e0dd94c3a77b6de59,italian_greyhound
0374e657c8b3b55579751adcaa7c8023,irish_setter
03bda5c85206a273eb978c7b9483df5f,eskimo_dog
03ca2c79345f4c27232ed5b0dc2821c2,otterhound
03f2f64aebc483ef8e5e17aba7311aa6,brabancon_griffon
03f5b638b8f1c83d3097786e40992ff9,toy_terrier
04254919cc15c6867cccfd738a926999,walker_hound
044efbf8ab3e7195b8ea3c92ef0d48df,black-and-tan_coonhound
04f69d645182d799dbb54862c19c0f38,groenendael
0512c1a59449a9c8c83c95722028ac90,basset
056c314f2a7d119447af259a07eb31df,vizsla
058ea5b467d08ed978658dc1ad85fb7d,maltese_dog
059a86d50634c78d5a18f918cb0b3f0d,afghan_hound
05e93a5604440b065143c81be16cd395,whippet
06448bf4366760660b6a7611d93d7533,bernese_mountain_dog
0653d31ae648e2a6628ee3f440729361,basset
073bb2f975ee39406e692e33364762a3,bedlington_terrier
07ddc3c2188164b1e72ae6615a24419a,airedale
07f1b6214597af2f04a27c375a602a0c,otterhound
080ec59213ed7425b7f8c169955bb9d0,japanese_spaniel
0990fe6be15d9d556eac8712db3c8094,basenji
0995f642fe4baab3cb3534725dfedb75,australian_terrier
09beb7445a14486752bd25f69e952ebc,african_hunting_dog
0a7f8d31c960071d0d4cfba36c0159c7,brittany_spaniel
0ab8d4c80ae4e6bbeacd66fb7e52b851,pomeranian
0b2e635ebad8aba82656c8fceb05018c,bloodhound
0b465156a0844773fd47ce40d0dcc7db,kuvasz
0c1d98a09381f4dfffc510fab188f189,irish_setter
0d83fbe9ab3684226edd81a13411bdf8,chow
0e8d2f2fcb0efac6b731c191beb66559,airedale
0eb00c6fc429ecc2cf8745a6334594ad,standard_poodle
0eb297c3d5f6cc93371f02f4ed35879c,cocker_spaniel
0ec9be8b32f2b9eff2b817a7f722b118,malamute
0f3416f29133c2df1b00be4448dc4473,border_terrier
0f378abee01a23bc9e651753300a9a36,welsh_springer_spaniel
0f976e55b3634296183b2b1c051d5bda,yorkshire_terrier
0f9d92617b85252200cf99ef0f84d59d,pug
0fc1bd3c4d89b3f89dc91605032fa8f9,rhodesian_ridgeback
100f347ec78a42a9e7c2418e4beb3f6a,affenpinscher
1083fffa8c174aa1a46627f53e1e50f8,great_dane
1143bb719660680ac0174ce68dc16773,schipperke
117085659f91228627caf21a574f2bbf,bloodhound
118060ca946af5cfd1b3bbe030f9003c,boston_bull
11e29ec9659995ebdc80f8d812dedaa8,english_setter
11f1e40f11ca1babbcc547c5c98a1a3c,rottweiler
12c9f56e73ac9f4a08afb142f89051ae,scotch_terrier
12dfab0ecfdd9475b561febf2533513a,vizsla
12fe7ed6bd250509b131d245551b06f6,tibetan_terrier
1321d074e879267699d42fdca77b4004,german_shepherd
13d42ef52eb6c649c14cb9ffa8b6fba4,kelpie
13feb3feb14fe8aa91f70411bc1b10e9,brittany_spaniel
1416892831c073f6d3879d8cdf5386dd,dandie_dinmont
1438130db8837b0e5fdb8416e53353ec,cocker_spaniel
14babec7fedcfcfe575947797e2e01bd,keeshond
14c00ab356d9261ea220ea91fa20a42d,airedale
1553cf296f4d83f015a07afde78fd747,sealyham_terrier
156d6d6ef7da47aa22b150268af9a3c4,japanese_spaniel
1574f04538521f284218dfbf2c8678ee,yorkshire_terrier
159d07f089673cd225f3a47d08ee772f,shih-tzu
15b5cd948f5bcbb7a4f5b1904de4c6d5,afghan_hound
15d7f26c7d32f81c204936362ead551e,newfoundland
164a194e9bf8819523235879eb0c2698,weimaraner
16fdb4a145a7f5695a264ba980e23bc3,norwich_terrier
170b803738598c2466457271f98f647c,blenheim_spaniel
1710f33e5a5a32fd20547e8f133fa8d9,shetland_sheepdog
1732acba109e3b1cf23efca0381c9a32,lakeland_terrier
173493daaae8804e5a837ddfe2e21c50,lakeland_terrier
173d5eb6a645eee683442be8101d398e,samoyed
183cf5cc037ccb5079634b7bfaae0a24,dhole
1866bec18870abddd279fa4b1f0e126b,keeshond
1880c57a7ac87a232158207581c989df,pekinese
18aa1cff5dc0615c75dec0fcc135be3c,irish_wolfhound
18b4e732c105272f40956c2f85813bcb,affenpinscher
1935abc5226ad6d2cdcaed722d685623,redbone
19477984aa7b1543928557a7dcce685c,staffordshire_bullterrier
196586cdb571b583d65533c64fee85f6,welsh_springer_spaniel
19ac75060dec82ee4c5a72b003e977f2,leonberg
1a0c7c29748d91638f4aa08d00c0294e,lakeland_terrier
1a73a13d9f2afa549299a725ab564ab9,sussex_spaniel
1ad234ed7e26a66994dc71c89cb9810a,pug
1af97b8477a0d9533985feb33aa704d8,whippet
1b2ad6fc60a6c5238d9e0a5863d310fa,english_foxhound
1b76becb2169926fe23222b7adf180be,eskimo_dog
1c0d254ae49836d3365bec5e9f663550,maltese_dog
1cf4f0cb127327c2c84073efab3ce1ef,cardigan
1d7b95ca93d943e74adb6f6777d3ac6e,bull_mastiff
1d7e21514b5bba48a16928a3d3129fe5,dandie_dinmont
1d8279104144342e99d296432d3a5795,shih-tzu
1d8ace26f651b160925d5b859351c826,toy_poodle
1dc08faffb5d49f608ebffe5f293e67b,bloodhound
1e6f959d5a68ca5564ece4301b9a59c1,schipperke
1eb28a82080de0447017caf4d03d3934,bernese_mountain_dog
1ec644acf1ed5209697c163919207d3e,golden_retriever
1ede5aa5f18e1ed971b129195976b170,ibizan_hound
1f825609b43784e073b718ec559ed397,norwegian_elkhound
1fbebdbf9b6e681956b1c33b56a09a5a,schipperke
1fd4bacf9772bec1dc3c0d41ebd49d1a,komondor
201ae96c80f070595f632e2b092d7777,miniature_poodle
201c8fbfb1fce7829a37109d787eedaa,standard_poodle
203a82da35da69a6517e0dce4d072071,golden_retriever
20b56b811f633f8391e81d59c00e758f,shetland_sheepdog
20bf4cd949afa66f38a99b9c815a1102,samoyed
20bfa7dbc9f7b226f94f0addd0b4d141,border_collie
212fac12fe3bfc0820cd6d05339765ab,toy_terrier
2197f4bff731d1de02ee0dfef5f4c860,tibetan_mastiff
21fc1c46c82db3978ea66cf310e3ab95,italian_greyhound
22317b4ca72c1032498d42f1a35e1fdb,tibetan_terrier
2242610593e258533049449d3f93e937,collie
2307046859dc0fcd27ecaec5de284e98,standard_poodle
23868a8b561f32c18411e35f3aa8f8b7,malinois
238f8a750263db92c8665612ef46e216,greater_swiss_mountain_dog
23fae27f01d6a6dce68a8235f4712f05,scotch_terrier
24d2e86da970f0c7ab50314a5cb2a5fd,cocker_spaniel
24e2e6d195b532bf0d2fa249f55afa18,basset
2504c258bacb5fb0fd35c0f46330d6da,irish_terrier
259bc30c8e5754ff9a8459dd75eee994,brabancon_griffon
25d44cc514ac6625b1ea11ab91b4ba2f,lhasa
261a03537305027b4fbb4d03765ee18c,weimaraner
2626c1fd506611569c5ac02967e783cf,chihuahua
266e30c1d1173e2091d8949043c2941a,black-and-tan_coonhound
271644241266089a9ce469c8d632d992,weimaraner
278739637271fe972aa9a62404685a24,newfoundland
286592c4838ad48f89d0e898fefc0172,rottweiler
28841f65fee77e887962b18f6670d4a0,tibetan_mastiff
28ca80be375615da41042f81b55db5e3,whippet
2919fcf3fd82cb677a8cb375acb7898f,otterhound
2932b0c7298f1f35288901d9666ba52c,norfolk_terrier
2941f13293ee53c18be3acb3ef5c3205,miniature_pinscher
29589713b4f254372da90babc76d3ea9,german_short-haired_pointer
298eb62d8d5e839db0a9d995fb55e7f1,toy_terrier
2a5a0a68efa7e768c5af3fe0cb20c9fe,german_short-haired_pointer
2aa7d0d2b23d7ec4032526fc1684d8f7,chihuahua
2ac0b174eeeffdca774c0731da5d736a,basset
2ac2f5944e38c9873fddd80f44929a91,basset
2ae2f3582606b45659a29dbff0311ac4,norwegian_elkhound
2af698f7a9582431f12768ee3878d139,rottweiler
2b0beabe94af30c51d3d3149c4832c38,bloodhound
2b5c0c29ae9783290d924b2f8d365466,whippet
2b91d80384844026e7c81f40cef49403,old_english_sheepdog
2baab41b17d71613c7103a0089195918,tibetan_mastiff
2bb31e47a3692f7cd452bde2c33b35ef,italian_greyhound
2be75da18d88312d50c6237ce86786d8,saint_bernard
2bf6537aec6ae690f9c0d88ced19ecdc,sealyham_terrier
2c55080777e6a4d52cddbd370611af06,silky_terrier
2c5f6c1c3acef3e307fd92378caf198c,boston_bull
2d238157ee1f8d2c02ca68668d864ae0,tibetan_mastiff
2d879c2cde4587ac5bac5fcfdd0edadb,west_highland_white_terrier
2da3558e7254a36dea53d35234bbb215,lakeland_terrier
2de8d47770da0fb805ccf8461d062c54,boston_bull
2dff4c15cb99effe848ee5e4d977be87,giant_schnauzer
2e49b9af84950adb14509faaf6673d8f,bluetick
2e585973e78b96834a6c980daa251be8,italian_greyhound
2ff404cb6bdf5a20351b3db40a4584ff,basenji
301fb949886c8094871367296912c6ab,giant_schnauzer
302e4507ef9c5ba2c0b26ab890cd250c,tibetan_mastiff
3031dcb1d296c3904655ad0e2c6ab9f9,pomeranian
3059fbaeedc24475e4718ab8f6c4a85c,border_collie
3080efa03445466395920dcc8a3dd7d4,chow
3089b705b3986ab9b5071ca7283ad9c9,standard_poodle
30cc04c702cd9f7134e98ce1ba9e6aa5,sealyham_terrier
30d54cbd3a88a8473ade8028cd1f2378,appenzeller
312e131f7bd0a24c7c5766adf4932d97,boxer
316e8b4fcdc6937baf6680b4596d7d07,west_highland_white_terrier
31ebb4edcea0fb3e418f339c21fde69f,basenji
31f6d961f3cd23bed7eb41149d2d95f4,scotch_terrier
32577d03b64bd440d7516f1e9be2fc85,yorkshire_terrier
32a621c751219cd0abf1fef7a1ec7972,ibizan_hound
3314b0fffcfb79c73c9a1019bdbae7c5,whippet
334275bbdccd204508bae4af26b46136,ibizan_hound
337502285c0efd151eb657d7962b4762,labrador_retriever
339c285a763d61930b7c157c58a733f3,dandie_dinmont
33c24b1ebb9ee4c6b2714cac928f1803,dingo
33eda21da257971cfece2914b32d8643,shih-tzu
340fefc7ed26ad3ec072944df5350094,papillon
34101ff33a2a390ee7f30859d21c75fd,weimaraner
34aad1fd93c4dd674fc8c77d6ba5e03a,great_pyrenees
34e4e0e28728d8c98df1884eab8375c4,scotch_terrier
34fea915be06e32d18061ee820c4a306,leonberg
3535f0697cdc07a7206240c575323065,dingo
354d0d202926549c7932f012ac752a4a,afghan_hound
35e495b1de348a81e9c64f929de8beff,standard_poodle
3633081b1227b64f76d35d468acdf81d,american_staffordshire_terrier
367f56ff7a3beb336ce41cbca60e4eb7,kuvasz
36c15b6af1207f3fbd83aa695f342711,brabancon_griffon
376e1408f5523aa335c058c843eec857,blenheim_spaniel
37a43a4d1151150a29caab12c0ff77ee,malamute
37b94832dd76b088295aed75eb06a7c3,great_dane
37d64a9f655d5cba312871de55c3d194,norfolk_terrier
37e0ff557ee62b1866140fce49c51fd5,malinois
37f1a6d8a5a2e3929afa8bdfc47aea2c,rhodesian_ridgeback
37f351d4657a5d7420bb7b146a6672e0,scotch_terrier
3826c9b17af94040d0fbd7a334f2d379,whippet
38343daa2a67c48067f0f5e12a95aaef,greater_swiss_mountain_dog
384b73fc513c14ff4f72ad236fffee3c,newfoundland
394f3a077e3ac73dfc602f9e1f7ce88c,chesapeake_bay_retriever
39c6c625fdbd108321af967a0f56a345,japanese_spaniel
39c8a366b73c2fb4e6bf47118d650205,australian_terrier
3a3813792b87e0288d4ecf70be27bcd5,borzoi
3a3d8942f7014c126c0c1bf176d0d1a3,maltese_dog
3a94b64ab98187ca8dd44756474a9fea,japanese_spaniel
3aa370b64d9212e2c8f46ab17ee0857a,siberian_husky
3abf32c83667f356c2f38994e0477a2b,briard
3adb3fb45e6331c8905cb6cf85db9f11,airedale
3af26e391f207a075751b2465ef2f09c,soft-coated_wheaten_terrier
3b12048d020041c45c17515607f11ffc,french_bulldog
3b1780ab4f601495daf2442fc60b5a38,great_pyrenees
3b1b257e380f47c09ffc4f4aa7011a2e,dandie_dinmont
3b4cec19f75467e3c972d2e300d489fe,entlebucher
3b6e352b98a028684231b26e0b1398f4,irish_terrier
3ba209acedcab97fcece8095c54c11f6,old_english_sheepdog
3c065e008579b47bb0dc587a423c4233,old_english_sheepdog
3c3ba994aa80bb46767cc331fb11b96b,lakeland_terrier
3c3e2f645fa36df8bd4d2b4b5168cdf1,maltese_dog
3d9cbe5fc684107edc79f0efbc159846,australian_terrier
3de4e3687f3710d2150962f093ccc2dd,english_foxhound
3e0d5afedca0d739664ef375e0ad9e64,cairn
3e59cfed26b58362a9c8aec711c3c6f8,golden_retriever
3ea91cbb825208d186e94a0bb633ee75,miniature_pinscher
3eea07541e806bb8694e7667a1230c0e,bloodhound
3f05463033fe271b456d30e3222b84ee,toy_terrier
3f0ef4652899749d98df8a05a576239b,tibetan_terrier
3f86f07cc17912038aa62c83f044163e,scottish_deerhound
3f8dff494485685534a86ae817d7e02d,flat-coated_retriever
3fd302069a546b652bc1a38165d5ada2,great_pyrenees
4038f45a6b0aa398b80c5aad23f9132c,english_setter
403cd77c18683a4cfac76fc7ac4632bb,siberian_husky
403f9cb93bd90e77e714bedd8ed44cbd,whippet
404a7f3fe4c6d7c77a2e1ee19e506aec,german_shepherd
408a68050302718e3d2604c108f00594,mexican_hairless
40e19b8d649cd395b0cdb27f432841bb,yorkshire_terrier
40eef5868be3e4acdafa925b41686d47,standard_poodle
413764ac4af585e252f48e6ac2482c6a,irish_wolfhound
4170a9e32373fcc2e178b5a357cc849a,kelpie
417b4a513d4a07f4040edc84dc23df9e,english_foxhound
418b16343949c0055f6357f4314b99aa,dhole
4256019f31cf585155e3e5154e4cb017,irish_water_spaniel
42729b9128f65dc9be8d532c26ded4ef,pembroke
428f2a2e28c441c2fd439606def8d12b,irish_water_spaniel
42a294b2c65e0f3dc8c4ba451b53a31a,rhodesian_ridgeback
43001021a32eba308d3653e811038a55,basenji
43572ba7edf772a95f539e57afd9eb43,labrador_retriever
435e5761414ec753e7941d2d8dcefd36,pug
4362fae05daa1507a11e305746d523e3,shetland_sheepdog
4388ad893780491704aa638a99a8e979,brittany_spaniel
43a3fba5f057b0e7780fad688f3f028f,afghan_hound
4458a2efa05beea5e022888bebac6e95,sealyham_terrier
447fb3c3e90378c69e71208ff3ce8803,golden_retriever
44999715b0d9a62e86ca5635ec531eed,standard_poodle
44a793a3f07c70e9ec35d8e804bf8115,australian_terrier
44b1787b1f6c88c76b501140829f4d15,norwich_terrier
44d047ad4be3593991ff51691fd32d59,curly-coated_retriever
4513ea1eda7731594baca658f7d96f1e,shih-tzu
45796593d59bdc14ad227000de470c0d,english_setter
45aff5318dfcea583693c13c8e36e6e3,pembroke
45c0203e9d2d18b5ed5f061589e24956,pug
465dd0798576b77535f697bbe8b49b0c,silky_terrier
46647434662f4ea85a03b26fd10005ef,basset
46f1a09f8f3145d5cc008cf100d53f98,leonberg
472b373809fe51b17f1d1f4ea65f2700,ibizan_hound
4743441fb7a68403c3390e92c6fa745d,chow
47626b3b6324182b526e28ee88361047,malamute
47f02213cbfdc596826e2c24adeb97ec,cardigan
48339bb3a0335903a53fb7a95fee88ce,pekinese
4836413f4dde1e76dabea44f96b937c1,german_short-haired_pointer
48b3e345543f3c0e79003f87ca1f0518,welsh_springer_spaniel
4927ede09ce508a92f4e38f8360df14e,siberian_husky
499e40bbba7949d34154a08c751eac97,keeshond
49c436d99eb7b25eb4a2222122854242,irish_terrier
49fb146aa2b154d1a2670e558e7e549d,malinois
4a0c3e23b0626e90d38dcb615ae087df,vizsla
4a1f37977be233024903705cc53a621b,malamute
4a82acf2c9012deceb171d16e7cafe95,toy_terrier
4ac5bcca6d783f5d36d0c6b69918b54a,saint_bernard
4b3f4c910479686b10d676f813da0b3f,lhasa
4b7fca7decc6f79aeffe9e2c85409616,redbone
4c178d8d592f1c9e8a7271946399236d,lhasa
4c5a1eb9bac301340ca697e8bfef1a68,miniature_pinscher
4c852d9cb6f9c33927c5ee3fcac9236b,american_staffordshire_terrier
4ccff1dd3a0e3dfca18e8e1b80d883fd,brabancon_griffon
4d6bd9c5ec39dce290aa89809a222b3b,bernese_mountain_dog
4db8ea2b1c3a9ddc0b64099d27e38f65,whippet
4e0fd9830e8f277779b36b2f8a4f9a3a,redbone
4e1e84c7514afacacbc170867924f6f7,miniature_poodle
4f2b024f7f2e670291cf17affb14cd93,brabancon_griffon
4f72c6e2e2dc954810365cb28d9896e6,briard
4ff1a1c62acccfbb0bb1a6ecb4f29682,basset
4ff306a221c4047958f80788f05342c1,bouvier_des_flandres
504a4853df94b5092870ed69a436c927,blenheim_spaniel
506c2c6964094bd4b53d29dea968080c,english_setter
50c50de3f2fa733d729309d09ba2398c,pomeranian
50da32396bff4b805b32e79eb21e53d2,pomeranian
50fcbd042ae9a24e3afd5cbb8e1e4542,doberman
512fbdac7e7513370a4fbdf9d2ed04b1,collie
5153da131ebf1d46627edab27f52eb90,scotch_terrier
51643c8ddbc667c105b108f163ee1932,basset
51719bfab3c1ce51b015ba3976446071,wire-haired_fox_terrier
5181d9db75e016df5fb04ccba88417d4,doberman
518c87979c25cbc26b27b459e52a6335,irish_terrier
51a983d146c12574987f3ae82a18c5d0,afghan_hound
520ed1b4e99e9713765df78e55439e05,flat-coated_retriever
523f9e3e1f8d1fba4092650bf3d1bdcc,african_hunting_dog
52b3055e5161ea4a2daf85b86e66d8e1,dhole
52c9ab0f6d9f27daaf3641f86c019cae,toy_terrier
5327cc910c5643c9ed2ec19f506bb370,kerry_blue_terrier
533a20015e498027817bfc0e32c03bee,afghan_hound
5353afdcaf0ad24196c1fdf1276ca644,dhole
5358013e726a0a565886fd371e9dd3e5,rottweiler
5372ce11fe19b19be54100297154bf77,rhodesian_ridgeback
538670ae06458f36996434f21a94b6d1,malamute
538921b32a385b9e4cd5ce4dbb0ba462,german_shepherd
53c4dca72c081ced6dd663b17e505080,basenji
53fc9ac8e5f21cd52297f44af13ba52d,english_foxhound
556e0c4e43195062a10255a27af53b67,redbone
559b1072b2996ac35ac5c5828f936302,irish_wolfhound
55a242d8a1223f59218fa89b9755eeb5,malamute
55d7b47125918892a35998297887ded3,kerry_blue_terrier
56c4d8a13df348ec1d540cf89a48fa5b,chesapeake_bay_retriever
5724919ea5c428e564ec77c24850e153,ibizan_hound
573292b4b9989fc10be62a10d8bd7938,brittany_spaniel
57926baaefa51fe0de7e2641edb0d644,irish_wolfhound
57a765607238aa2fb8aa3ca4da6af041,australian_terrier
57b86091d423c595363d1d78a53a0b98,bloodhound
5806f8f446366e2c5ebdf8c1801fff91,chihuahua
582ad6b6a07aec7503e662cc98a6f9eb,keeshond
582ebf05aa9ad5448a2cef5fe2e58053,chesapeake_bay_retriever
583abf9c03d62deece68b028cefd2193,brabancon_griffon
588ab2a7549948662d6adce12919050e,papillon
58a7bcb4d05eaad860c3c1ae40700991,pekinese
58b65ec927e0fbc07c006ee3f10cd16c,pomeranian
58ed0514ecfd6a7df0cb2711fcbbc81b,siberian_husky
58f7899c5dbbd2dfc0acd6043c972aad,french_bulldog
5959c69ab63be8935a5ffd22aa606835,flat-coated_retriever
595dc68e79c78a7cbd5279b2bb63225d,kerry_blue_terrier
599e3543a10a09cdf758b78df494e532,clumber
59b81c54d38a204dcb1f65d14cd0bae0,gordon_setter
59dac5de103da223230e02ba4bb1395b,airedale
59e3b551d67480c6e59493b5f66ce9f9,samoyed
5a64793c5a451c82288f19b83f71713c,french_bulldog
5acaf48e3098da78f796a5e7dbff5949,french_bulldog
5b8e895372f651fff6c9796178252490,labrador_retriever
5bff7dcc6792d252a75d6db6076cde3d,african_hunting_dog
5c9f44926bd503111e97b4e3ee5cc0cc,shih-tzu
5ca5a2933c672c6ad48d373452701289,shih-tzu
5cccf8e7b1c4a17fa7b79a069533dc22,pembroke
5cd231784d822f0e68721536c40a81d8,samoyed
5cd7d9abb1a7d02a4f517b81c422d4f4,toy_poodle
5d0f4a2a6c5cacb5588a71c5c6d3cf0c,great_dane
5d61d75204f9ace78b40fc444ce6bfeb,shih-tzu
5d6afe64afb28dc45120bdf49fa51d0f,borzoi
5da9cb489b6d6be58b7ecd643f69c46e,silky_terrier
5de4391e5cdee98403e677607fd9f6b3,greater_swiss_mountain_dog
5de90e7a3524b99897e8bee06ebbfbd3,blenheim_spaniel
5eaaffc76b998febfb5e6800de615b44,border_collie
5ed0024700ee7dc770ce03215913e740,samoyed
5ed432dc19e835ecacfbeea92c7cfc83,affenpinscher
5eeb8038933670d5944d8d4b86604f1c,clumber
5ef1542fb842b2a716f7d2ff8ee986d4,keeshond
5f3dcd5e7d15f9d97e52f88563626111,english_springer
5f600d2a1dbdcb0249183fd98b81ef23,english_setter
5f716d6b2bf014733df54adfe6c62914,mexican_hairless
5f7682b9656ca5543133760df7cd8b94,scotch_terrier
6058fb1af56e2f751260b6e97db28852,malinois
61268d9cb5f2d80a1348abf5ce97b47c,sealyham_terrier
6165570f2467fe31881a89caca859b52,great_pyrenees
61abe4213b98bd50ec0e6439d34bb724,kuvasz
61f663ab9aa9c3cc41f207be4d4fd9e9,greater_swiss_mountain_dog
620ac8fd7f604d91ee5692694dcee6e3,komondor
63276d487001f4bed29f4e2713f87d23,norwegian_elkhound
64283751bf79597e6c380f20483e0acf,groenendael
648a8e6fb6ce37317220f1f5bdb46fdd,mexican_hairless
64e8d146615645ec07587b6cd8f03f32,english_setter
64fb6f3f5c3b545a9be92985b5fda3a7,bernese_mountain_dog
65930bb65a10377f2242987a59b911dc,ibizan_hound
65a3a8d1011f95e937d77e3a79700dad,standard_schnauzer
65ad9f24f5a31c3d5ee5089aade6370d,kerry_blue_terrier
6619c7edde89e485a06807219f546e22,blenheim_spaniel
6680c9c925076285d51b5676d9e13b9f,german_short-haired_pointer
6685558aaa49755e998feb063cf9f42e,curly-coated_retriever
66cc0caf5507a65f1bf5a339a4e285cb,soft-coated_wheaten_terrier
66ff9ad63b61820d7472752accee8919,collie
67c04deaaca089fe1127faa09fdc0f9e,kelpie
67d3ee1ea20447a87ac0d6bb502a74ed,bluetick
680d7f247d8303c0cd1c4a1283bb3d25,pomeranian
689bbe0f473e4db5d234849ed9d1bb5a,papillon
6978118af96288c761f89f454c445aa0,flat-coated_retriever
69c5d6ddfb492128c05de0829659a35a,chihuahua
69f0ad7b0b8ca686c1636067726a05e2,entlebucher
6a35c6ac718976b465c67e6067180601,bouvier_des_flandres
6a5ad24ea734580fb07830b44b6a35d9,brabancon_griffon
6ac9f2a24178056fe290fb14c4aa220d,otterhound
6acd672b08f1748240d51a243bc5c301,beagle
6ae4bcab2d4c0d9490fca86dae67ab48,groenendael
6b8ac349a4550590b06c83996ed714e8,scottish_deerhound
6c22373b6656afe451bf441018342f67,bernese_mountain_dog
6c370fc5e1b1840570406446d438cec3,great_dane
6ca3c20b7b00b635b61d354267fac43f,american_staffordshire_terrier
6cb63ffa3efc65d23687e4415835f1d6,wire-haired_fox_terrier
6cca69553a093f2a403119fd8f733486,lakeland_terrier
6cecc5ec666f9ff8f0994a2b7b3b3c50,labrador_retriever
6d49de8f03116d2fcf3eb6942a9c6233,airedale
6da6146a2615c85076d54df772df8d17,malinois
6daa0da30db6c20972b50b5fb4742c15,kerry_blue_terrier
6dfc7ab7c93fe65fe4dc5b175c2e8351,tibetan_terrier
6e6cb711d60ba4af0d18224abc2c45ac,walker_hound
6e98ffcac8849ec25bed7b1a63ae25e6,pekinese
6e9fa5651852b77caea00941cad23f95,bouvier_des_flandres
6eaa58eb9a9f96c8474607b72387c91e,american_staffordshire_terrier
6eb8b8fe12568fb2f241328968f4a67d,irish_wolfhound
6ec7a007a28588f6367c31e43f7b9ee7,bluetick
6f00c0775716776cda9977f4133b2876,standard_schnauzer
6fc396bea6794e80bcaeae1d6439ce6f,leonberg
6ff481eeead9d641edf6f59d1016dbd7,collie
700ef49936ff04f8490ceff02b01127f,leonberg
7062866964c8894fa9aa0c91ced60474,keeshond
706502a6f7f079d0dd4fe5287a8c3d59,toy_poodle
707acb2cbc6c351181a087fc94c4b05f,entlebucher
707d53744509d2ddae68e7359b7155aa,lakeland_terrier
70d6066bcc9796967003a09cfd60e76a,beagle
70ea53f50ea3d738665ecb2771f95c49,schipperke
71419c1fd0673846c84a445cef0baa9f,japanese_spaniel
7151b63b2f604fa01b59870c8b8baec3,rhodesian_ridgeback
7224552d70b69007559e6bc19f412769,labrador_retriever
72747719b03c5ff7124878156e8004e7,labrador_retriever
727f8fa18a8668406448e9b00c52c671,irish_wolfhound
72c99ca86c7f12d597a97777e28c5bc2,appenzeller
733cd200a5fee973900125bc25bd67f2,brittany_spaniel
736e858993ff23597502d4483fa62552,cocker_spaniel
73fe2b31f6e54846d580e36ecfe54007,entlebucher
741cc81bf0fef902db5bde7e936e946a,bouvier_des_flandres
74dce62be081b0095cb3d36684af3fd3,border_terrier
75bb4621bc439a77c96f973c6008160d,cairn
76226571b8e2c154f019d8a9e265c880,dhole
767bddefbcbc83a67444bfc76ff42660,dandie_dinmont
7684bc9005956e3fa3cbd7c8d4697e57,miniature_schnauzer
76f332f9bc92a0ede6185410b21065ba,italian_greyhound
770e93c5d9961cc0b72dc41069cdaa62,sealyham_terrier
779f9ae1ab62563cb77672c38f91a1f0,doberman
77ca5fe121dc5b6522a7837d05d1ede7,affenpinscher
77da61ad8cbc01b9396b05eba6b08dc7,norwich_terrier
77f1a9085d57f10fcf733e45f565b287,staffordshire_bullterrier
79bef9a1aebcd3246ec1de034107dd87,boston_bull
79f19e141ef77c11376a2ee137ecd731,greater_swiss_mountain_dog
7a23cdc4394b4161738def43eab00254,staffordshire_bullterrier
7a4cc5606cf632ad77a2285186352aac,samoyed
7a706c61554042281c1d030267a8afc9,west_highland_white_terrier
7a98dcbc73145a80967e0d3471706cba,blenheim_spaniel
7ada1dc3cc4d05c678833061e16fcd06,japanese_spaniel
7afac31b992346ce894c3370f6e632d5,lakeland_terrier
7b3d44303cb84675e31c9ec71f9539ed,sussex_spaniel
7b5292a6c2a1cad3f8266b5ed0598629,saint_bernard
7b7ea2616f2ee3267718d010b92965cd,entlebucher
7bd0187f1b9e4fbbffc6d4e8e98746e5,siberian_husky
7bd50779a45bc1daa49a7bb9c418a9df,irish_terrier
7c036cc0f15aea204c2760897410e799,english_springer
7c235a63491b36c894c68171f3f791d0,standard_poodle
7c577bf4702ba35e902285d4452ed1ca,schipperke
7c81c036681a8b60fab534481c5719cf,border_terrier
7d1a2c40bd3d70e59d803c2aad054a09,west_highland_white_terrier
7d1b168750bb09cfe75266cbe85c6ea3,japanese_spaniel
7d426866692811f2472124148fe2eb54,border_collie
7d5183128424436fe727fe48b0117030,japanese_spaniel
7db94bf9f2634ed4cb5b8f8212cbd0a7,toy_poodle
7e8a4616e6e336611e39f33532f29f51,sealyham_terrier
7eef6dae80d04d0605fa44f0e218b116,bedlington_terrier
7f5414cd8c4dfd37f15f176735b2aa39,basenji
7f988b33eb8736ec69b17c498926d407,bedlington_terrier
7fab16b0b5722629627392b761e22e00,chow
8085807e84c38a6f3a47743d340a91c3,miniature_poodle
80ae1fe5dcf2493a961f45b2e2dc3834,italian_greyhound
817696aaa5d843b6cbaad2698e461872,standard_schnauzer
818b791ea3cb6202fac3319ce285f41f,kelpie
819940dffd7ba189b45a4aa8e06d728a,schipperke
819f97c27a2f46f36a88d1e1cecd8e0a,basset
81df7955db3baa2353e51d867dad1977,afghan_hound
81f5681a9e71dcccfeb64b104a22dfda,welsh_springer_spaniel
82732c085ab68cee04a29ac022cca091,walker_hound
8347ff4200278ebc03d010d7646dd767,bernese_mountain_dog
836962e1a82fcb77511051bb7ca5152d,malamute
837de84874e32a9ed08c06ecfc2421ed,pekinese
83a52bda51841168400d245cff401f98,chihuahua
83b56fcf4811209b7a9bd5a47cb90a67,groenendael
83be6d622ab74a5e7e08b53eb8fd566a,brittany_spaniel
8434b6c3cee87e28395197d6fc7d3489,chesapeake_bay_retriever
84564a69c0d0fa36e0810188943683a1,tibetan_mastiff
8485bc3f3fd64b90be74d7f020c61f54,wire-haired_fox_terrier
8537c0a9ca6bda02ac953dd23e188755,cocker_spaniel
85454a97c4e34a1249e0b8830a29c73d,gordon_setter
8562aa06d4e739391a4bdcb49a3eebeb,dandie_dinmont
858771bb039b3317f92b698874307126,rottweiler
858e7823ed319c10e78d9df1f456ff7a,dhole
85af448e04bc04d107502330ff98ca65,dingo
85bb4a7d4ace6c2464e7969b99403b0c,boxer
85e2b89f5760c7958305b446607be91d,miniature_pinscher
85f0e9f401e46e30a86c5bc7fb7df968,cairn
86021dbc333b4e38bacdc24e3b5edea5,clumber
8636932d5c5f80c9c53e49a6676213af,afghan_hound
8673461ceba52fd3b303f5825f9a0348,greater_swiss_mountain_dog
86eb66186b5f7ddb93ada8b4cb4065b3,clumber
88564167e9ff649f5dc9e8bde3a82734,english_springer
89962510e8e4ad50a1de642bf49945df,pomeranian
899f284bbdd762992629dc31a20a7d49,bull_mastiff
89b539e909f580be06923c40ec11c477,pug
8aa65793a60f8feb59925d6ece493bf0,doberman
8b332e46e140af54feecbdff46cad87b,old_english_sheepdog
8b6e36d51e75cf0b1b81a94f33d5f5c3,basset
8b7c503438843feb509ac38f505f77e1,pomeranian
8b80780bc559890236d06a312eb7b889,yorkshire_terrier
8bba6c2e3b2994c4e313d2c489e29880,golden_retriever
8bd9f03c437e44fc390e90d05b1af1bf,bluetick
8c36d92a7e002977441fbaa2dbfc32bd,cairn
8d7374555bffed40c4f77a55d348f8ef,welsh_springer_spaniel
8daabe9ded307c802b5f84492bc14d69,maltese_dog
8df3d9a938eb532873ad6fbd67e89598,greater_swiss_mountain_dog
8e39b8c4de4944adf3ab7edcc51357d4,shetland_sheepdog
8e4d2ac20aa4433988f8a0037fae8c31,italian_greyhound
8edad149506278be0d351b3d2a4aaea7,great_pyrenees
8f3bd64f0547f57bd227bbc2aff8f770,norfolk_terrier
8f9f48b4ad92e8f3082d2ab40d9f5e51,gordon_setter
8fc54285359ddda909d9059cfa13ff27,malamute
8ff5946c8a2962c47caa9110fe56f91b,entlebucher
90109c343f43458deb83972cbd552a0f,norwegian_elkhound
90ce42cb4fa91a9e5709c799021e0e38,beagle
91008238e223348a72f36eb1e042a466,miniature_poodle
91769e1a1f3d0701d3b2d947d87dec0a,german_shepherd
918541385e6e7bed1300d95b79d638c9,japanese_spaniel
92b1992357ae55d1e0a1b5e1fb13764e,japanese_spaniel
935823502911fd76718a9f8eedf7037f,english_setter
9389fa9ac75b25ce54da351cfcf0b784,west_highland_white_terrier
939eb0d3ec4ba70f8d9dde67b9ddd7c7,briard
93a1e38d497f452883eae18ab2b11467,brittany_spaniel
93ef939778971c7e2892360ff61eec17,cairn
9410454220ae7b13ce2aab4323184032,bouvier_des_flandres
9468380b65de0c9bcdaa5921305fe362,scottish_deerhound
9529b8093aeca32d8828004347667c44,komondor
9584bf3b986648ffcfd08f27b16d3c1f,basset
95c9870d3e06e1e640e6e39daf65e25b,boxer
95f5d4bb20b7d03dd1c3577586fa460d,afghan_hound
961aab1d30044142287d7ce30c45b65b,toy_terrier
969263eab216a0ead070d0f3736ce9d4,english_springer
96e7a7493dcf1bbcdc6be986fc04a71c,tibetan_mastiff
96f04a330af8b03da147644ccb75b4a0,norwegian_elkhound
9741efdd134f5b90d268e671b02f5a3a,entlebucher
978a9eee19b794afb59da56af20e8714,blenheim_spaniel
97b801f08019ef3ba8c974e5f6e2fb46,collie
97c863ca10051ae4822b13264c40589e,miniature_poodle
9806378e6363a0c93fa66c152fa094b2,basenji
987cfc296938c20a95949c759e4ffb7e,border_terrier
988a8a6e3f780ae0da254fad869af84b,weimaraner
9895cd89bf45084a10e95f9d57eb6b4b,afghan_hound
99165d7393c0160026d50e609872ff78,english_springer
9951edcf2d8205b7ddc7933f93b3bb24,eskimo_dog
99848a37db92c99f49ae4d3b3aa440f3,kuvasz
99b31cac1b20997c30d49cd6a2d9cde4,norwegian_elkhound
99e0616fbf8014e22cfd09ec55fd448a,rhodesian_ridgeback
9a19bbf958fc3f25d247eb6b60524d79,irish_wolfhound
9a368640c7d925f041990f6e2e050b2c,irish_terrier
9a549f3e214768132fed22aaf9ce34f8,miniature_pinscher
9a6e0802e2fca380f693595c04047fa5,chow
9a80f8a8f25112a363b0456d756de93e,miniature_schnauzer
9aa1487dc5bbb2c34758d1a608f09bef,west_highland_white_terrier
9aa1d1b17f8ddf539f968adea55120b8,leonberg
9acdf755109d8d01521a0c8c440749e4,norwich_terrier
9af046cbe8971e1105a44271ef91cd00,scotch_terrier
9af4a4306365fe6e74e26c726de05c2f,english_foxhound
9b0e6b008295897e9904d80b03fa4647,scotch_terrier
9b26dfa18347cdb0aaafad0baa5522b4,blenheim_spaniel
9b50462f24fad5970b2dd973e69b1d87,greater_swiss_mountain_dog
9b566d6d96b9f29361065f0d72df4857,norwegian_elkhound
9baf45e1dffbf945d7390de180a631da,tibetan_mastiff
9bf204c0add25dd912699fedc1f25aac,entlebucher
9c5ab09758f935bc9e3d5670d1f14cd6,english_foxhound
9c692e77df5e3a9dfd38f487624d8053,ibizan_hound
9c82a714a5a61104e2fbfb255a7e13ba,miniature_schnauzer
9c88de8027c36fc397daf2ca403e14ef,irish_setter
9cc4a7f129eca8f31387c624ada69790,lhasa
9d137534989cab3200f2abd6d6409902,bloodhound
9dc6ab764c94bd20c63fd4efb2bb8aac,eskimo_dog
9de493aa10c4c94b2130bbabd57c6456,miniature_pinscher
9de88b5e7341f561dd3b69330b96d854,wire-haired_fox_terrier
9e0da33733ad5b0272ac43663a8b0672,basset
9e14a1584d8ee8447ff5f71896fca8a8,welsh_springer_spaniel
9e3229a03c3ce5b187028fcf35feba3e,eskimo_dog
9e90e30a460f9c139984766dd957e62a,groenendael
9f66b4be4892cdec9c0d53f646195b04,bloodhound
9f6a267ebf271f72f91ca0a97d60a90f,basenji
9f705b2db2425e112e4ceefcbaea7e03,blenheim_spaniel
9fadb3a7aa97e0c652a99c7939d92875,japanese_spaniel
9fb9ec152d4262348922fbf4c03f6083,border_collie
9fc04bb29966246b78c79add744c5581,tibetan_mastiff
9fc5dfe2f42c2ffae1361da2414addf0,kelpie
9fc89093fbd02be1c4a6e390ed413c97,norfolk_terrier
a0112c3175f463aa11e37ac21a6400ed,australian_terrier
a0753c0a9da1276e7e05249733425150,bedlington_terrier
a08fc31fdfab13d99e36a64abb4b6dfc,malinois
a169ca16d659e93c93bb68a34183f0de,curly-coated_retriever
a1e14ddc9300d0cad934c3db77f37f62,irish_setter
a1e4ab6fe9d1255bac0157273d64e18a,shih-tzu
a228f3f366b74618daec68dcbf0d6ec4,whippet
a229cee8b4845e9ed1597bdc524eeeaa,toy_terrier
a234febaeeba77417fd731d9c5d3a692,scottish_deerhound
a29b6e5dc3618aa9ed97ed75ba73e5a0,bernese_mountain_dog
a2be9ffea5e79e2e1d5d9bc50523dc8a,pekinese
a2c45749d89597425da581670dde0160,airedale
a2cf649e9d08ee2289ca1dd90e089cc3,miniature_pinscher
a307fca579f19edcc2311fe216679c37,african_hunting_dog
a30c0b4c6b412361c1196216d071dc71,tibetan_terrier
a35abb795e84cbe8ca7813ce4b28a756,great_dane
a3be5dfa7460f431c01946b9d1f78df1,cairn
a3c86eed8bd50060f0d3e8d03c600087,samoyed
a4297f62afc356fe42979cb11a8b0ba9,australian_terrier
a4a278e6cbadb8c0b65d808d0ba0e3cf,gordon_setter
a4b629ce39bca6206ee3841fea8c557f,great_pyrenees
a4bb3277153f52493ccda42857eeefc7,french_bulldog
a5153e32a00c1461d9a2f778cb590ef4,dhole
a55866a734b915d94b260d2a5bc642a8,sealyham_terrier
a560b3e2b9403610346568f640278c89,silky_terrier
a56acb2a3904093efc2d935e2dd024a6,chow
a5883bb0395e9a69929a7d9585e406be,doberman
a5b9a138dcc77a871472e226604c7584,weimaraner
a63484a418084bbfd3158505b0bf6f9e,miniature_schnauzer
a647794848794ad6265f069e56753dee,redbone
a66612b2661939992858740f88452cd8,kuvasz
a69d3f94caab2e0854a7bc80fe7f2a90,cairn
a6abba1d01ba07a581b0e1ae2e17e99e,great_pyrenees
a6c988709c96bc166247eabb115c2d24,malinois
a7035c27920c29332a8b12cf0d03aa90,lhasa
a7167022b4c41ddd1d4aa8e5c18162d2,malamute
a755566f4f69456d4a5a192511bfd744,lhasa
a7930bb879d8475d3dc1816817a88a3d,kuvasz
a7961824578e3da96551005ff58fa51b,black-and-tan_coonhound
a7f36feff3c6fc2406d316f75381c491,toy_poodle
a877b4bdeeb0b02ef99eb24f3faf6213,saluki
a8933b557e35f2ee5405febf10fa0e30,flat-coated_retriever
a8b00ee3288f5be5fd11334ce610a7de,cairn
a8c5dfc993593fe2b14489d5fd38bde3,appenzeller
a8dc5a206ac4407615c91f522fceaece,basset
a92a34eb1cd3fd3197ff0f2147251606,malinois
a93f96fb5fe9d5f0242a98656465c261,papillon
a9883ac08095cdbd08c2a36f836ebde0,german_shepherd
a9fafe79f816b5032af49b12fa0cebae,sussex_spaniel
aa199e6564bd8d92f50f83275f628389,norfolk_terrier
aac6e8cf0ca09868f9906aa70854dce3,sealyham_terrier
ab16b0a2feea44546a293be0cf233261,ibizan_hound
ab1b5ed3e3894eb6caa70609add09443,ibizan_hound
abbb0aedbef9d47257f3577ac3d1771e,chow
abc50b5c5809ee3dd97022c2e1b21db0,border_terrier
abd1d27a731a793608ba05ad1fd1487b,curly-coated_retriever
ac1e8ca8dcdcf845060365dc00631aaf,blenheim_spaniel
ac2e27fa8891e1d7a2ee88196a2a4223,airedale
ac597b01b21a68f14b1d57e326cc9184,saint_bernard
ac6445debf13b337a2ae5c26cc63f1e5,blenheim_spaniel
ad111fe98c5802b0e61e23cd857ce509,basset
ad26c36ca5249ded86644ef1f01edd91,lhasa
ad9c639bb2516d7433d0f0bc10487116,irish_wolfhound
adfe10ae8d4b90ba0abb56a0648dac8e,whippet
ae0cf4a8076e52a04632de2b8e9a911b,maltese_dog
ae4c32628d35d498c9fadc9b56137d52,standard_poodle
ae7ea3acbc17ea070b3da00d6d52be11,soft-coated_wheaten_terrier
ae829def01226daffb29306308a2f2a0,ibizan_hound
aec5d7550b6fb110ce6b1adda05dffb1,afghan_hound
aedc70a30016c85485369ea541058b2e,cocker_spaniel
af679c36a907c9a5006df4504ba67991,norwich_terrier
af87254221899ae2347592b26f23a449,entlebucher
afa9e8ba3e59af33fb61a068e4fceab8,sealyham_terrier
b01372ac131079a990d1ba093b9c6311,saint_bernard
b02a0ed4c12a5cfa5be497f548de3c2b,otterhound
b03a73190ffd9c423257b94927599460,affenpinscher
b04dde81f2e6c0b0a37ecf99714d716e,toy_poodle
b0a63d52383934ed0caec038dbbe7d92,rottweiler
b0ab7bf62ba55c1c4a6b037132576cd4,kuvasz
b0b2a18852c2380285649efd5947f408,tibetan_terrier
b106df46d6b5fa931d0913dce8a46362,irish_water_spaniel
b15de8f0e944266ddfadbf190d98532e,cardigan
b1b60ca1c61fef3650e276634cba7e9c,vizsla
b1f61f24517fba0fd284ded11f5ea9dd,american_staffordshire_terrier
b200db1a2dc5f3d5a6521aac2130713c,boston_bull
b20ac3f8cf850665723bb13cc31cc316,old_english_sheepdog
b2260bbc0d9a999d6e886bc271da6733,norfolk_terrier
b228a8cc82df53d3725566931a9f2f82,brittany_spaniel
b261916c6a46fab4c1b14a7f89e072d1,irish_water_spaniel
b2bc11ef2ab31c65e49f6f03c82cb279,pomeranian
b2e57528bdc9a6a67868320e9a56a492,doberman
b3cbe3c848a691f2b94838723ffbfb4b,black-and-tan_coonhound
b3ce58830523907af62e0069e081bc71,collie
b4173f95948cd008831eeea46ace8498,basenji
b442ed5d4d240a8204a63d5849d8d07a,golden_retriever
b44d4785a27a7b5a0f793ff15956df20,lhasa
b49ec4188baa0d5dc7eebf45e7bb9ac1,welsh_springer_spaniel
b4e88d85a18d11b8543c8fb53feab48c,chesapeake_bay_retriever
b4f8fcd6d01a2b5e79b3920f8fc8804f,kuvasz
b51b8b30da4501c9907d100df382b87c,mexican_hairless
b522b9ad41145386ae378fdffaf009e7,old_english_sheepdog
b53646b931972d951b7306584a00cfc4,kelpie
b55c04ec49499cc1383468ac5620ae63,eskimo_dog
b57f4d8d01aec87fb4e257b1e265ec38,american_staffordshire_terrier
b5aa440f4f161b2f3b97ec382c68cf4a,australian_terrier
b5adfdc1436b06e71caf363fa8d4d4b9,borzoi
b62225a14aa1f870dd9b33c4ff4c9de4,shih-tzu
b66b6ff2ff16c6e746af3ef624e471f1,bluetick
b693577aa9e7c6669457395d2aad073a,maltese_dog
b6a1ede9dc7235b08abad10968740033,giant_schnauzer
b6c15ba2271aae59b55443cc46ebab60,kuvasz
b6fc90a99b4489f067852fb2b38e641b,leonberg
b72130fb5921d7a8711029fcd1f49e88,whippet
b7341d35618784cf8f9844796df7f249,bluetick
b75100433bfac9fe49acb18d3dd934dd,rottweiler
b79c9bf7f5a375c12e6495be0013faff,miniature_poodle
b7f8b7abb1d81857420081be4d087785,dingo
b81fd8eafb7a41381e66e8d42053c007,pomeranian
b897b5c77e688a12adc103d5d3a85c2a,miniature_schnauzer
b8b7240e9e1872e04ed62c7182b88f4c,german_shepherd
b8dcf30dd6d0b661fbdc892c8047e179,entlebucher
b8e09f10cfea58a7bdd11c9280f0690a,keeshond
b8fb19ddc7d9973fc1bcccb5abf8ff22,lakeland_terrier
b9442ec825000b9b061cd71ed5eac36a,groenendael
b9703b559578d34c832cab8b43887289,japanese_spaniel
bb18d67bd3491334e88519ae81586b9c,appenzeller
bbb2ba350d76eda23bb65ebd4f2c9925,black-and-tan_coonhound
bbb7767c16389ec8cb94245ec952db3e,newfoundland
bbd33c81755e1243855a1e11f44f4db6,bernese_mountain_dog
bbe96d21f3aafe38ab3b3ce24a498d77,pembroke
bbf5a9514379e83803f3c27ffdd8869a,toy_terrier
bcad32fcb84cd4e40579f762cc0f62ac,pekinese
bcb2c121cbdd74ef9e4959490463eae1,kerry_blue_terrier
bced7d651d024b5a55b9062f4edca875,airedale
bd25f56e9d30f2659f639c8b520053bf,norfolk_terrier
bd77320f65faa0645aeaca3939aeb856,dhole
bd990d4fc279bbfcf6bf8cc832101b39,miniature_poodle
bddc026d7aa9d642f64af402e7b39c43,wire-haired_fox_terrier
be33b4ae29b609b6d3b005e9b7b298a0,scotch_terrier
beb42ec1708f471d474bb4de9bf2968b,silky_terrier
becbfec66b1e2d7c5ac05cd9d9682931,pug
bedcd4451681407aca58ea40c6ac1af3,keeshond
bf2a9b332d6d6ab0ab0b3e1a2d31e51a,tibetan_terrier
bf7004de0f825049194139051f7a8025,scottish_deerhound
bfa50acc112f4d8b89dd212eceb9447c,french_bulldog
bfd5b637965b0594c9b115d4ad3426d6,kelpie
bffc7036e3c90a13e85e540837dfa9df,irish_terrier
c023eaf6c091913c9e6fd4732bc049b7,newfoundland
c075c594a9483e562e8a2a198f384c6b,weimaraner
c081155c1c31116f8accbe4c0bef6e0a,basset
c0de582157dbd2320e406cdfea59ef11,toy_poodle
c13427fc3db9194dac02b1721bd10fe4,scottish_deerhound
c142993056fbd776aace8217acc45267,australian_terrier
c21453385ea62b14fca225f79f863520,japanese_spaniel
c2f9dfaab06ef5f7c1a0336d01250854,malinois
c3811d9749d6526bb0c415e3a1476a06,doberman
c388a84f93ba4fb28c7b1a7a880474f1,lhasa
c39c3cb599426bfa1cd2ba7e9604d463,whippet
c3a7c85f61db74978cb692931639024b,bouvier_des_flandres
c417aa964d70adaa3cd866b7b1bc9e92,pug
c443f3ba58dd6a986c974b56b1f1cbb6,newfoundland
c4a98c78f34950aa9e0efb1e52d8c826,pembroke
c4bf9248192b875822e30f5e2a240c19,doberman
c58b4fb8d7666df20038fa6fa106ae33,old_english_sheepdog
c59a3e9d84640ab0cfdd1a8898e35a41,weimaraner
c59df3c5d6b7f12d5086f1b7cf64858b,boston_bull
c5c26998c5ea34b06846b514c2418814,bedlington_terrier
c5cb2d2a9038b1181c7820ef05e838db,tibetan_terrier
c5dd9170863cc99c078f0d4298b0a352,bull_mastiff
c5e1c138abd4747d63e52253263904b0,rottweiler
c5e2482dd2a845ab95cc77b138c23c36,english_setter
c60b2faebc57760644f3ad3556b521ed,american_staffordshire_terrier
c687909cd22b408a8e8fb16dffd1d6b2,bouvier_des_flandres
c72cad3c532886e10001f99c4a954156,irish_wolfhound
c72d3f068d6fa7929104de1c6f308c1c,basset
c773d2a49bbaa7ed09e64946d34ebcd3,pekinese
c825a17e20a29f767bf4b915d036c502,boston_bull
c829799f837a358ca95191c065d3406b,mexican_hairless
c849f027fa1ae5c4925d24cf50111b1e,otterhound
c87d6967fb9aec26a6ca305368088610,standard_schnauzer
c8d106f81eb85d7166224a0d947304f2,norwegian_elkhound
c8d4d8654df681140522be0f3b1ba422,airedale
c8eab8d5c97dfaf0bd993d6ad59895a6,borzoi
c97a4453b7247d68bb2f12c30dac1676,collie
c9d2cef73ce84a96095da1e79ff88f21,clumber
c9f93440c107a5fdf54b9652670c26df,african_hunting_dog
c9fcc35552d72c6141aaf637a3fe394a,schipperke
ca329bde7d07c1e7d968f9b376906edc,great_pyrenees
ca5157b5031f9f164fb35284c7fbfca4,leonberg
ca69a6c77030ae811f52acdad1bfb780,greater_swiss_mountain_dog
cb3b74d4880e9cd8fca333daa7f2aa73,labrador_retriever
cb555b3a480130c2803ead9c1336bda5,kelpie
cb7ab99df4dd35a0a966791c71bd9ed7,pekinese
cb907bbc5a0142a64c15dbcb07894637,walker_hound
cba6d337615d1b4b9e6a037de1652023,whippet
cbb65152c8e5dfbc10ec40421d65956f,sealyham_terrier
cbb942c46449834575961dcf0d2c27f0,japanese_spaniel
cc3ebdab9d7f7a331090e55ea2549dec,irish_setter
cd147766deb06c9eb2e43a24c0645fc2,curly-coated_retriever
cd714df1f1977466537bbf2fcbbcf0d9,rottweiler
ce125f9866c84532e94bfc1fb7998df8,airedale
ce3366408fc2cad7559b24f14c074655,pug
ce384b69c955c293c02edb3888c03de0,chesapeake_bay_retriever
ce5e29677c46c613e9831bd801f2d907,irish_water_spaniel
ce616db871b255cd660b2f845e7b75e9,norfolk_terrier
ce7a719bf215d73fcf0d19f554bed5ba,great_pyrenees
ce8aafb174173caa826cf76e0469d56f,saint_bernard
cecc7ef1ebe7682f38c497bbdcf8b391,japanese_spaniel
cf269794a592d3b6ab3a52d59830d763,afghan_hound
cf3697f8f3ee67b50cedaa63904ab5e8,newfoundland
cf853fd31d054b54395a43469d1f49a8,italian_greyhound
cfc1665abbfdf9262f6d452769db5acc,sussex_spaniel
d003186c0ba9adb9fd4407a2f1eb9510,komondor
d015ddbcda957741a34c705200094e5e,border_collie
d020d0461312aa24bb8eb462701a1088,lhasa
d02aace37d23ed5e1bc81621bd1a6014,irish_terrier
d0ea05a2828daf94ed74664b0081d026,black-and-tan_coonhound
d10569ff8fb93c2ad2636f2e1e7e9d72,redbone
d11ef31e3d37fd218db0fcc76e416241,labrador_retriever
d132a0af92ff56fe35d1811b8eae95f0,leonberg
d146f0cc0ce9bc0cb3514618affbd028,entlebucher
d1676f45ee40b1c585ddc56b2a63c402,lakeland_terrier
d187dac89d006d0fad4aa697dc49e3d7,bull_mastiff
d1f38890c027d2cb93d2207446e83b10,weimaraner
d1f7ce7e656abd32521c790c04f768d1,lhasa
d2148e7b0ddc6d8eb6f5a4794e74c1dd,dingo
d247fcdc9fe99f9d151e32fbd0df6d73,cardigan
d2fa72633103a5c503b4365563bfd3a9,pug
d3ab6b3d328b2cd91bed99aee99fa6ed,kuvasz
d3ca4542578659abdb8a112baac00e99,komondor
d446ebae35501cfb48832e81db2e49d9,papillon
d4c7ab7811b534b7038fadf986d45395,brittany_spaniel
d4e186bdca24be150fa257283f5fa5fb,tibetan_terrier
d535bf3a2946268c98b27fe05ed7f2ed,staffordshire_bullterrier
d600da0fd3fa1bde3ed69e1442aed8a1,scottish_deerhound
d612ce8febeb6a1d74add4669a002530,afghan_hound
d63348c8d835cd499da54d8de6a11803,tibetan_mastiff
d63acb5d222016e636daaf98d6b2c810,miniature_schnauzer
d6525a312a447edce56a6a10c8741afc,borzoi
d67195583fae5a5cce6fd767ccddede1,blenheim_spaniel
d6ab190c782baa4655046bf1c8542973,pembroke
d6b7723ebfd80e90faf4890affb89252,west_highland_white_terrier
d6fb643ed203d7d01db9a4744526f2ea,boston_bull
d739b294a3652ef517b86d9b79770910,beagle
d7b8e8b5851e49502dffc5f9654743be,toy_poodle
d7c8a92ed39f40c397ec8fa7ddb3fbe3,groenendael
d8620b5e2fe5d187ac1cec20f14e25ff,saluki
d91761b9302c37487710a4d8f890ba97,tibetan_terrier
d953e41d5f3e8ff39a48a48db4d146a3,basenji
d958476b5a7e9699c55c0d3c9af0043c,brittany_spaniel
d95e7320281728b297f6ef83284dfddc,english_setter
d979688962729fa2cf50af1c9b478dca,chow
d9f0ac78472ce66dd48364521d396835,irish_wolfhound
da2967ce6869976d50ff6dfcb70e1381,labrador_retriever
dac080b6ac2c9d3013b3762e45296955,bull_mastiff
dac79f436cc24744d951ab759c35a59f,borzoi
dad80a5e51ac5266dda64b922118e6b4,komondor
daf1dde58cb4cb4d55bf4e4874e76153,shetland_sheepdog
db24ecad88218324139f9e2f65cfbc85,chesapeake_bay_retriever
db2ff2c534e4e60b659e2d579f93b327,american_staffordshire_terrier
db39d09f070ad4584c599dbf76909dcd,tibetan_terrier
db953c4fb2ef6767dd6c817574b4e447,norwegian_elkhound
dbbdbfbe8184ff95c6f9f6838b0aefb8,brabancon_griffon
dc144b931fbfbd2cefa8718b9a2cd5f2,miniature_pinscher
dd0834325da4d5500f22614308e76d9f,cardigan
ddf23184178185362a7f99031328aae8,chesapeake_bay_retriever
de477e14f0f55d3b3f591f137d13a698,scotch_terrier
dee5db7f0834ca1db80615a9d5fb6334,chihuahua
dee927ec2ed2efb5ea8bda227d0be2b5,dhole
df12a66b9b154c8bbe922846944e2ef2,boston_bull
df49b6b0d9d61736047884253bffbf46,great_dane
df8895a945ab874f4a9cdd451aebc011,french_bulldog
dfbeabe922f09fa99ce84c6a94210279,italian_greyhound
e03cdc6533bf441f8bdb7467b1039996,maltese_dog
e12c6bc13e4ab1de4dd12d21ce74eefe,brabancon_griffon
e19ef13146562537f75ddf4c447d9697,blenheim_spaniel
e1fe81af46e109cc63e17616dc630fb7,bull_mastiff
e201fdbcd92e3d0a10d612d5e0b77b35,redbone
e23950a981b81588f00133a2c0c5cfb7,west_highland_white_terrier
e270622b5ffec8294d7e7628c4ff6c1e,brittany_spaniel
e297c765ac7e6c1d7c4657c7e72b1544,american_staffordshire_terrier
e4067d97184c1acb63af99e1e30945fe,blenheim_spaniel
e4a4cb1f4ab166d24cc5215abeb327b9,airedale
e4f17a9e5ee1ed5385744cd6e8916a4e,bernese_mountain_dog
e50655050c46e29c5d61527f391475b4,bloodhound
e507c47a34012fb435804f89797b6abb,kelpie
e552addd2461f8a62e9691fa26b21370,bull_mastiff
e56ce32aeccac2bfbbcd6eb80ab337da,shetland_sheepdog
e5851276fd2652397d1b3ebfc345589a,brabancon_griffon
e63a11b5cf02c211a6b92145fa3cca1a,brittany_spaniel
e66b165e767d45ac2ef046873a27ed29,wire-haired_fox_terrier
e67eb5ac576a272a62033127bf4e6570,papillon
e6898f5cc43bb4a30970f2d2210fdb9a,dhole
e74f33ae3d78d3d2f8c75b8fc847f5ad,maltese_dog
e779a2c3d07afb0056a1e33298e9eecf,black-and-tan_coonhound
e7af30693df78697b8541fb5e2e46941,great_pyrenees
e7af8f590b4fbdca0779f5e606ef91a1,german_shepherd
e7f3274adaad369068602a422e9df192,silky_terrier
e7f4f3c25291884f2dfe7c60051d6949,pomeranian
e7fda54b5e96c6048dad68414568f142,west_highland_white_terrier
e87e709987ed707393533e9d2429f585,chow
e8e8ec39dce62227cdc94ce91d761363,newfoundland
e95bd9ab625ad1c16b513a13a27c447d,beagle
e970fc0099be12ed7544a6eee8e3a9db,tibetan_mastiff
e9d910ff8abc407c1536201210b40888,lakeland_terrier
e9da345a17d3e21041214e6cef9556a4,great_pyrenees
ea113a236df0ae1d6875259ed2d2bcde,german_short-haired_pointer
ea15dfc5ed49598f8ea14a3be59164d7,lhasa
ea77bbe28a68e90a21bbef677493ad65,weimaraner
ea9e3ca803a028a17317345e4fa75135,cocker_spaniel
eb1c2f4061d66878d2de2ce45a2382e5,toy_terrier
eb5feb2ca80e43548e0cc0d0b4232bd8,boxer
ebc378abeb610e6d4f2a8ad0d731ccfb,english_springer
ebeb2198b1392407fc54e13a9aa7cd0c,schipperke
ec0f39cdcc3647246f44ac890a39a7a7,labrador_retriever
ec34bb628f628ac8f0c5cd9cef6dc391,english_foxhound
eca90f594e91b6689c0908e365cac5ce,doberman
ed1e8f8f6231a658f173cc2e4c74af86,leonberg
edc923ef3b9724d44481d959573b3afd,great_dane
edd8796ad2ee790f6ab20f65329007c3,irish_terrier
ee3e8a3091a0171973d8a9ae0faa5d28,rhodesian_ridgeback
ee6b47bfe941098216982c8e42f2912b,great_pyrenees
eeaccf7f12c1e959de200bf2849ec101,curly-coated_retriever
eec0067218af5d0cca32a504501b98f1,norwich_terrier
ef0ca2e519acbcd5f7f03a97acdf0ef1,pekinese
ef8c805d9168bdcde66239d35834dd88,staffordshire_bullterrier
f056ee6bc913fba2697dabf37c1c8531,schipperke
f06d9112ed14edb4038daa54f1b1abd5,tibetan_terrier
f1e82eac53a1fc3f2e3e4b151537c5ed,chesapeake_bay_retriever
f2d2443edb0bffec560ed1339613503d,english_springer
f3831b2287b3858b44885ec97b37c2c5,leonberg
f441dc37af37eb01c9fa3e0950228642,ibizan_hound
f4a331375dc879c5bfc682221d143fb0,maltese_dog
f50c3a2915a6744f66237534db3d7779,basenji
f58531d21504bc086aa5d0e2c945f988,weimaraner
f589e77c9b0facc8ece5f07e3c04fc46,german_short-haired_pointer
f58c4c4e6670e74fac63514cd9ac8ab9,pug
f5aae143adf81f97da05095d78d73350,chihuahua
f5cef8edf2725dc143ead4774ddff74f,irish_setter
f5d05878affab9747f86aa1f13c52bd2,papillon
f5d4d250dfe2f60b155ec2f40df73936,chow
f61d861726155de0ebd1a8e1e892f5af,maltese_dog
f644ec58aab5f57925bd55969f4b925b,kelpie
f690468c2bf0020c6e4ee135278cf71c,afghan_hound
f692fcf95607b6e82528b0e90d705725,kelpie
f6d25f988a2c379fe7c7ffc52fc39035,american_staffordshire_terrier
f708b2f18826cc754451e07de4ba148c,standard_schnauzer
f7564622d2ebbcebdb2eb1f150dbaa95,greater_swiss_mountain_dog
f776961d52ba3a7112506389623c8586,dingo
f77d5b8a287c1395356e23849a2205fb,english_springer
f7914989bd1e633c30a76054df77266d,mexican_hairless
f7cd9846e7aa0c163ad98ad00ce51cf8,airedale
f80ad50586c794ea8555e3bed23e0c0e,otterhound
f821311972e25d3dc8e8cf76a64e53e1,entlebucher
f82a2b46267b6d4edc62c76ebdb0fc8b,miniature_schnauzer
f831a464cc42602094575fbb18ff1143,kerry_blue_terrier
f835a7cc45610f664b91d252d413ff65,boxer
f8a5dcec60ad103637c39b31d6dadaef,groenendael
f8c2b71ba0ee8fb0b64a589f12c98618,papillon
f8d48f89aaa55962d4beb853a128eac7,silky_terrier
f9024336c267f4dd4de82cf5f617ffa0,toy_terrier
f918d591dda3b7c1490f70dc92a7fb8e,miniature_schnauzer
f921b60576b1055884307f1f6d42997f,scottish_deerhound
f97b9b8848683ab240cffeda2c855502,entlebucher
f9be292e5e04c9ff629ead6c17d5d87d,miniature_poodle
fa1e9d2b34ac79ba9b2358b2c0d803f5,bull_mastiff
fa3399d2f5241d807e0942b9807c2b4f,american_staffordshire_terrier
fa537c93c484404490f0bdd71c79ab6c,toy_terrier
fa607eaf5aa5a95f58a6c43df1147e07,wire-haired_fox_terrier
fab313f7c055d30e79a8590ab05d54f3,japanese_spaniel
fab341dadc50afc1a507a9910d5101b3,greater_swiss_mountain_dog
fab782d25875a7cf5298cd2e2aa01cd5,rottweiler
fb6a9896061f29a967d802e4f6dbbd74,german_short-haired_pointer
fb6bca9a75ead518333fd3c98aa4dc40,kuvasz
fbcc2af005aa6fa3c9cab4d1ac38bf06,malinois
fbcd86965ce247c0a44e50ff7b66a670,entlebucher
fc0020cc00e3b1c7ec453ec129e17838,bull_mastiff
fc6abf69e1581b95734830af88c636a0,giant_schnauzer
fc6df38f35361d2630568b993a596008,pembroke
fc9d449fb3c5be2e08839903d9405b42,basset
fce0a4c8bf2d6588ea7f6ecf731b2fbb,irish_wolfhound
fd229a951f5a9f2439d4f6c2c51595e3,kerry_blue_terrier
fd42b1ea571fbdd77c1c5ceeff8ebb76,english_setter
fd4816b0b1bf94c4868d16da9ee87e10,staffordshire_bullterrier
fd99c29a3ee91c7e9114e34be1ca0d1e,german_short-haired_pointer
fd9aa3277a9635ecf6abbe637a78e521,norwegian_elkhound
fdc614c16f54555064a32bc94522b4a4,curly-coated_retriever
fee98c990f4d69c6a8467dd0f0668440,greater_swiss_mountain_dog
ff04baf19edbe449b39619d88da3633c,gordon_setter
ff12508818823987d04e8fa4f5907efe,australian_terrier
ff47baef46c5876eaf9a403cd6a54d72,sussex_spaniel
ff7334b06cee8667a7f30eb00e0b93cf,whippet
ffa6a8d29ce57eb760d0f182abada4bf,english_foxhound
ffc532991d3cd7880d27a449ed1c4770,tibetan_terrier
ffca1c97cea5fada05b8646998a5b788,english_foxhound
ffcb610e811817766085054616551f9c,briard
ffe2ca6c940cddfee68fa3cc6c63213f,airedale